{

  // Java verticle
  "main":"Vertx.PingVerticle",
  "preserve-cwd": true
  /web/angular.min.js
  /web/index.html
  // If your module is going to be registered in the Vert.x module registry you will also need the following
  // mandatory fields
  "description":"Put description of your module here",
  "licenses": ["The Apache Software License Version 2.0"],
  "author": "Joe Bloggs",

  // Optional fields
  "developers": ["Other Dev 1", "Other Dev 2"],
  "keywords": ["gerbils", "cars", "cheese", "chocolate", "underpants", "herring"],
  "homepage": "url to your project page",

  "auto-redeploy": true
}